id,event_type,comuna,timestamp,description
9cde03c7-a2aa-4dfa-8081-1ecb1aa87fb0,ROAD_CLOSED,Conchalí,2025-06-02 19:37:03.400000,Quilicura
5e827613-2df1-404e-88e5-808b27bc14bf,HAZARD,Huechuraba,2025-06-02 19:37:03.400000,Av. Pedro Fontova Norte
be8af41c-ca4f-4641-80ec-388c0b0b8cd9,ROAD_CLOSED,Conchalí,2025-06-02 19:37:03.400000,Av. Independencia
d1b4e6f9-6d71-4561-aff9-2d620fa14847,POLICE,Pudahuel,2025-06-02 19:37:03.401000,Av. General Óscar Bonilla
79a294e4-62d7-4027-9631-6c9bab1c24c2,JAM,Santiago,2025-06-02 19:37:03.401000,Portugal
a151dd22-a7da-4c4a-a10f-5f1ca63dd094,POLICE,Santiago,2025-06-02 19:37:03.401000,Rosal
3c3c66fd-e9f8-4c54-8cb3-da8157f49334,ROAD_CLOSED,Conchalí,2025-06-02 19:37:03.401000,Av. Independencia
bba9542e-799b-4c6d-86d9-d9e1d2f0c8b7,HAZARD,Santiago,2025-06-02 19:37:03.401000,Av. Libertador Bernardo O'Higgins
289e955c-3155-4bee-a6db-bf568ab2a130,ROAD_CLOSED,Conchalí,2025-06-02 19:37:03.401000,Av. Independencia
0a213f1f-2ba1-47d1-8eac-458fd64f9def,JAM,Recoleta,2025-06-02 19:37:03.401000,Av. Recoleta
4be7c2da-9619-4b9f-9c15-c2d1c16d1842,ROAD_CLOSED,Conchalí,2025-06-02 19:37:03.401000,Av. Independencia
a94f8a2f-e9e1-454f-8f53-60c965570a14,HAZARD,Cerro Navia,2025-06-02 19:37:03.401000,Santos Luis Medel
eefb2120-950f-46fc-916b-12a4d762ef7a,ROAD_CLOSED,Conchalí,2025-06-02 19:37:03.401000,Av. Fermín Vivaceta
c3fb744e-a92a-4b28-b37e-bd761e345667,HAZARD,Santiago,2025-06-02 19:37:03.401000,Av. Libertador Bernardo O'Higgins
44254ce3-feac-4aa1-8b3a-c859791a96ec,POLICE,Santiago,2025-06-02 19:37:03.401000,Miraflores
6a81d2dc-37d9-485a-9423-7c56dd6811f0,HAZARD,,2025-06-02 19:37:03.401000,Autopista Nororiente
6167c372-ba69-4756-aa0c-48f02abed3df,HAZARD,Santiago,2025-06-02 19:37:03.401000,Av. Libertador Bernardo O'Higgins
d5e1f833-6fc2-479d-9ecb-e7ea457b37c1,HAZARD,Santiago,2025-06-02 19:37:03.401000,Av. Libertador Bernardo O'Higgins
7a712d8d-e030-4abf-9003-11aafda4ced0,HAZARD,Santiago,2025-06-02 19:37:03.401000,Av. Libertador Bernardo O'Higgins
38816d40-73d7-4cf6-b2f7-49a71a99b98a,JAM,Providencia,2025-06-02 19:37:03.401000,Manuel Montt
e273dffb-ae9f-4ef9-bfb5-f6bea8cef016,JAM,,2025-06-02 19:37:03.401000,Ruta G-16
69807e89-c7cf-46ea-b3a1-049e66796d6a,HAZARD,Santiago,2025-06-02 19:37:03.401000,Av. Libertador Bernardo O'Higgins
e299cdf5-bce9-4eb8-a72f-5eaf327fc672,ROAD_CLOSED,Pudahuel,2025-06-02 19:37:03.401000,Depósito Express Pudahuel
6a672d6e-36cc-4067-b813-62ca595d143c,POLICE,Santiago,2025-06-02 19:37:03.401000,Moneda
7e50dcee-51bb-41c9-beca-168518af731a,ROAD_CLOSED,Cerro Navia,2025-06-02 19:37:03.401000,Vicuña Rozas
36cc5586-2990-482b-ab28-5fa5d16758e5,CHIT_CHAT,Providencia,2025-06-02 19:37:03.401000,Av. Francisco Bilbao
bc121961-6596-4017-b1f2-b7a39908579b,HAZARD,Recoleta,2025-06-02 19:37:03.401000,Av. Guanaco
3c6bc978-0472-497e-9826-07b01d644613,ACCIDENT,,2025-06-02 19:37:03.401000,Acceso Vespucio Norte > Aeropuerto / Quilicura
4fb0697f-de58-4408-8561-bb049f5cb416,JAM,Recoleta,2025-06-02 19:37:03.401000,
597a722b-4a0d-493e-b6b2-31210b7dd7bf,HAZARD,Santiago,2025-06-02 19:37:03.401000,Av. Libertador Bernardo O'Higgins
ef567cd0-2eb2-4bb0-a2c8-059eeaa4e584,ROAD_CLOSED,Conchalí,2025-06-02 19:37:03.401000,Av. Independencia
230eee34-c2ba-43ec-822e-ba602e2ad4f0,HAZARD,Conchalí,2025-06-02 19:37:03.401000,Av. Pedro Fontova
e6486a8c-ed6b-40b8-992d-9637530ab299,HAZARD,Providencia,2025-06-02 19:37:03.401000,Av. Salvador
b1f2fe38-0c79-47fd-bd48-c2bd5bf0f11c,HAZARD,,2025-06-02 19:37:03.401000,Autopista Vespucio Norte
1cec874f-c9c8-4ab2-9359-c0919b12fe9a,ROAD_CLOSED,Cerro Navia,2025-06-02 19:37:03.401000,Vicuña Rozas
4da25814-4e22-4ed1-b869-51ed0dcf01b5,ROAD_CLOSED,Quinta Normal,2025-06-02 19:37:03.401000,Mapocho
8357b4fe-c740-46f4-997e-8343cd51a1a3,JAM,Santiago,2025-06-02 19:37:03.401000,Av. Libertador Bernardo O'Higgins
1b0faf21-b975-4c0d-b98c-ab60cbec9c09,POLICE,Santiago,2025-06-02 19:37:03.401000,San Francisco
b077c555-2a3d-408c-9bf6-2b65e117c522,HAZARD,Santiago,2025-06-02 19:37:03.401000,Av. Ricardo Cumming
3cf710c9-fd1d-4c64-b3c8-01bcedfabc94,ROAD_CLOSED,Pudahuel,2025-06-02 19:37:03.401000,Paso Superior Enea
c2dc5973-cef7-40cc-9482-5542da92f373,ROAD_CLOSED,,2025-06-02 19:37:03.401000,Av. Independencia
f6a2028f-a2fe-4db3-a0a2-bb2b21ff17f4,HAZARD,Providencia,2025-06-02 19:37:03.401000,Av. Suecia
7d2c1f91-c76b-45bb-84e4-e3e03475f2b5,HAZARD,Recoleta,2025-06-02 19:37:03.401000,Gilda
5313e4fd-86b5-4140-bdf7-563faee98904,CHIT_CHAT,,2025-06-02 19:37:03.401000,Salida 0b-N > Alameda / Agustinas
eb9cb76b-0c38-4a46-9a99-79b2706c1484,CHIT_CHAT,Santiago,2025-06-02 19:37:03.401000,Av. Manuel Rodríguez
077ee7d5-c978-487f-8605-30ce980be39a,ROAD_CLOSED,Renca,2025-06-02 19:37:03.401000,Vicuña Mackenna
c640953f-f482-4853-a154-0a052adef021,ROAD_CLOSED,Cerro Navia,2025-06-02 19:37:03.401000,Vicuña Rozas
78792411-2fe8-484d-bfb8-7a62a5d08317,JAM,Providencia,2025-06-02 19:37:03.401000,Av. Costanera Andrés Bello
619e1bc8-e27d-4b6b-94d8-d62ef2686ad3,JAM,Recoleta,2025-06-02 19:37:03.401000,Clínica Dávila
190b0f75-4aad-4417-9c49-461e309cb6b9,POLICE,Santiago,2025-06-02 19:37:03.401000,Moneda
b0ed0f47-5f4c-460f-a9d6-971a1b000baa,HAZARD,Quinta Normal,2025-06-02 19:37:03.401000,Santo Domingo
7f5bba18-5841-43a5-a48f-4ce00e754bd1,ROAD_CLOSED,,2025-06-02 19:37:03.401000,Av. Independencia
6ba18b90-8cdb-4f01-ad14-db2547d5312b,HAZARD,Conchalí,2025-06-02 19:37:03.401000,Vecinal
4e43de19-4f4a-4fc4-99be-52761ed3407e,CHIT_CHAT,Santiago,2025-06-02 19:37:03.401000,Av. Libertador Bernardo O'Higgins
0e625edc-c799-4b34-95af-8c47d30867c3,HAZARD,Santiago,2025-06-02 19:37:03.401000,Av. Ricardo Cumming
073b8ca4-2bb2-49b9-9ba7-2bbc915e35d5,HAZARD,Lo Prado,2025-06-02 19:37:03.401000,Reina Maud
49f956e1-2d1b-4d51-ab94-e01ca29c8b25,HAZARD,Pudahuel,2025-06-02 19:37:03.401000,Caletera Sur Ruta 68
56dc3163-fcc5-4818-b1bc-9f856c91ab9b,HAZARD,Santiago,2025-06-02 19:37:03.401000,Av. Libertador Bernardo O'Higgins
e99b0b4b-def6-4675-8d06-bc182390f49d,HAZARD,Quinta Normal,2025-06-02 19:37:03.401000,Samuel Izquierdo
c38a9da0-7f98-4c63-a414-cda68d2572f4,ROAD_CLOSED,Providencia,2025-06-02 19:37:03.401000,Av. Vitacura > Oriente
be779683-4815-459d-9a9d-dda30b6c79f6,POLICE,Providencia,2025-06-02 19:37:03.401000,Av. Providencia
d4559feb-625a-4402-9c47-dc66d187fed4,HAZARD,Santiago,2025-06-02 19:37:03.401000,Av. Libertador Bernardo O'Higgins
cfe92a2b-459b-4d20-bb82-15e44fff0514,ROAD_CLOSED,Pudahuel,2025-06-02 19:37:03.401000,Depósito Express Pudahuel
51fa7152-ef10-4a15-8c28-98b1b6627e2f,POLICE,Santiago,2025-06-02 19:37:03.401000,Nataniel Cox
57de3f74-2e77-4dad-9bcc-bc85d96e8273,HAZARD,Santiago,2025-06-02 19:37:03.401000,Av. Libertador Bernardo O'Higgins
6ebbbaa8-81a4-4416-9409-feb2974c6242,POLICE,Providencia,2025-06-02 19:37:03.401000,Av. Vicuña Mackenna
23ae8dad-e0d7-4701-9284-e2b1f98d8746,POLICE,Santiago,2025-06-02 19:37:03.401000,Av. Libertador Bernardo O'Higgins
a55bbca3-e5b7-403a-946e-477ec8a5cea6,ROAD_CLOSED,Conchalí,2025-06-02 19:37:03.401000,Av. Independencia
4b95f55c-2801-4dae-b6b0-53a90e1f5c4a,HAZARD,Independencia,2025-06-02 19:37:03.401000,López de Alcázar
7074cb75-919e-41ce-bd2a-a40532fc12d8,HAZARD,,2025-06-02 19:37:03.401000,Salida > Aeropuerto
3f73ae87-0943-4a4a-a53f-1a492a9d97e6,JAM,Providencia,2025-06-02 19:37:03.401000,Av. Los Leones
d9e801c5-1090-4b7a-a505-2c61c1dc35bb,JAM,,2025-06-02 19:37:03.401000,Ruta G-16
c216b0e7-a6a3-4ee8-a54e-190206159ddf,ROAD_CLOSED,Conchalí,2025-06-02 19:37:03.401000,Av. Independencia
c51cc9fc-eac7-4004-8154-fa87c20f1197,JAM,Conchalí,2025-06-02 19:37:03.401000,Av. Dorsal
8acbd18e-4cf3-49d2-9288-f1b4c024f88d,JAM,Conchalí,2025-06-02 19:37:03.401000,Av. Fermín Vivaceta
fe71e478-a68c-4977-b329-768e92d46eb7,HAZARD,,2025-06-02 19:37:03.401000,Autopista Vespucio Norte
38e9bbc4-8468-4291-b886-04471f093d1d,ROAD_CLOSED,,2025-06-02 19:37:03.401000,Av. Independencia
21af0cfa-1372-4778-89ec-fc19126e9eb0,CHIT_CHAT,Santiago,2025-06-02 19:37:03.401000,Hermanos Amunátegui
7525aeed-f014-44a2-a9d6-5fef633422dc,HAZARD,Conchalí,2025-06-02 19:37:03.401000,Av. Huechuraba
12dce009-9a67-4d56-b462-89a03ec41d03,ROAD_CLOSED,Pudahuel,2025-06-02 19:37:03.401000,Depósito Express Pudahuel
bbc84873-b024-4d73-ac9c-0e2ba618ba31,POLICE,Santiago,2025-06-02 19:37:03.401000,Victoria Subercaseaux
10cccc2b-2bf5-437e-bbeb-8ea9ce5b8b5e,HAZARD,Conchalí,2025-06-02 19:37:03.401000,La Palmilla
692931f0-e898-4d0c-b974-e996b659f0c9,POLICE,Santiago,2025-06-02 19:37:03.401000,Moneda
802f9326-cb46-466f-a5a4-075ac417b39f,HAZARD,Quilicura,2025-06-02 19:37:03.401000,Alcalde Guzmán
60997409-b8ef-46f1-8148-5b4a6340ccb2,HAZARD,Conchalí,2025-06-02 19:37:03.401000,Av. Dorsal
41e9a74c-35d9-4810-86c1-1031b01f5cc2,ROAD_CLOSED,Conchalí,2025-06-02 19:37:03.401000,El Pino
58c086b8-a68c-4890-b8ff-8d4eff2ca261,POLICE,Santiago,2025-06-02 19:37:03.401000,Av. Manuel Rodríguez
4937ec73-55a5-4f3e-9635-fd73ec0253c0,ROAD_CLOSED,,2025-06-02 19:37:03.401000,Los Conquistadores / Túnel San Cristóbal
8c652fa2-8ada-4e95-baa2-cffbf0cfc918,JAM,Providencia,2025-06-02 19:37:03.401000,Av. Ricardo Lyon
74983e9d-0c9d-4334-8821-87c9c9310520,POLICE,Providencia,2025-06-02 19:37:03.401000,Marín
182acc4d-a402-4c46-b962-58c066fca658,ROAD_CLOSED,Conchalí,2025-06-02 19:37:03.401000,Av. Independencia
f0d064a4-288f-44b2-b471-8b3237032177,POLICE,Huechuraba,2025-06-02 19:37:03.401000,Av. Las Torres
ae7efd32-e9c6-45c8-81de-88a4d31e00cb,CHIT_CHAT,Santiago,2025-06-02 19:37:03.401000,Calle Carabineros de Chile
0f49aa2e-5901-456a-8505-d7bec331189e,ROAD_CLOSED,Cerro Navia,2025-06-02 19:37:03.401000,Vicuña Rozas
3ae11c86-13a4-4286-985e-48b1db2cea2d,ROAD_CLOSED,Cerro Navia,2025-06-02 19:37:03.401000,Vicuña Rozas
ddcc5bf8-267f-4b29-bf86-474df06a1a22,POLICE,,2025-06-02 19:37:03.401000,Autopista Costanera Norte > Oriente
59ae8c8d-1e72-4e4c-9ade-ccf72360f873,ROAD_CLOSED,Conchalí,2025-06-02 19:37:03.401000,Av. Independencia
2aeb7b04-f80c-4156-871b-0bc4b88275ae,HAZARD,Santiago,2025-06-02 19:37:03.401000,Av. Libertador Bernardo O'Higgins
08bc3356-79a7-44be-b588-14404f335c9c,ROAD_CLOSED,Pudahuel,2025-06-02 19:37:03.401000,Av. Américo Vespucio
e7545e50-0650-42c5-9169-96354732e0fb,HAZARD,Recoleta,2025-06-02 19:37:03.401000,Av. Guanaco
f1a4d80a-1065-45bf-9a7e-48c4db07b1b0,HAZARD,Santiago,2025-06-02 19:37:03.401000,Portugal
09c1c252-08b8-4bf9-ab5b-df727bfe0123,JAM,Santiago,2025-06-02 19:37:03.401000,Av. Vicuña Mackenna
bd330d2c-c7d3-467d-bd99-3ab4e122c900,ROAD_CLOSED,Providencia,2025-06-02 19:37:03.401000,Arturo Burhle
3b382e34-abe8-46ba-8203-74c239049e71,HAZARD,Renca,2025-06-02 19:37:03.401000,Puerto Montt
5b6f0c4a-4ad6-4d24-aa55-623b31a40341,HAZARD,Santiago,2025-06-02 19:37:03.401000,Av. Libertador Bernardo O'Higgins
90f2e705-6938-4c5c-b331-cbfc95a1d4ae,ROAD_CLOSED,Conchalí,2025-06-02 19:37:03.401000,Av. Independencia
63aeec15-1b99-4c85-bab5-fcd486d5f7dc,HAZARD,Pudahuel,2025-06-02 19:37:03.401000,Av. Américo Vespucio
884d189a-b94c-4e46-965b-c9c776638712,CHIT_CHAT,Providencia,2025-06-02 19:37:03.401000,Av. Vicuña Mackenna
4d92d113-c882-4c0b-9dd2-6cf6c3f16ed4,POLICE,Providencia,2025-06-02 19:37:03.401000,Av. Vicuña Mackenna
add8f68e-eddd-47e0-8e85-abc8a320329c,HAZARD,Santiago,2025-06-02 19:37:03.401000,Av. Libertador Bernardo O'Higgins
ba2fb6fa-21dc-4a0d-a183-d013264b3ae8,CHIT_CHAT,Providencia,2025-06-02 19:37:03.401000,Av. Providencia
4c44f152-14e0-4b14-b4fc-131f0f3ec846,HAZARD,Pudahuel,2025-06-02 19:37:03.401000,Av. El Retiro Los Maitenes Oriente
181e4bfe-1663-4ed5-9726-be10e16cf8ca,JAM,,2025-06-02 19:37:03.401000,Autopista Central
5e2e44aa-c5b4-4319-b51f-246d7c8a953d,ROAD_CLOSED,Conchalí,2025-06-02 19:37:03.401000,Av. Independencia
4d2e9fee-1dbe-4ef4-a1f5-0326c1c60382,ROAD_CLOSED,Conchalí,2025-06-02 19:37:03.401000,Bartolomé Mandujano
ee7ddd41-9d6e-4ed1-9b65-5260ae0c49ca,JAM,Providencia,2025-06-02 19:37:03.401000,Av. Salvador
eb985cf5-1f7a-41a8-ae7c-e49061d3d974,JAM,Santiago,2025-06-02 19:37:03.401000,Av. Vicuña Mackenna
22e57138-711d-4270-962a-a9e99523a0c1,HAZARD,Renca,2025-06-02 19:37:03.401000,Camino Lo Ruiz
4e71e00c-8bc4-4ed9-b3d1-78e168a4489a,HAZARD,,2025-06-02 19:37:03.401000,Autopista Nororiente
8f6a260b-0a69-438d-82bb-070c887d3970,HAZARD,,2025-06-02 19:37:03.401000,Providencia - Vitacura - Kennedy por Túnel San Cristóbal
a51339dc-a790-417b-a381-8ee345c727a3,CHIT_CHAT,Santiago,2025-06-02 19:37:03.401000,Agustinas
652a1011-3eaa-4f32-a9ce-e88c65c9424e,ROAD_CLOSED,Conchalí,2025-06-02 19:37:03.401000,El Pino
2fd927c9-4696-437e-a3d8-736b6ad7d82f,ROAD_CLOSED,Pudahuel,2025-06-02 19:37:03.401000,Av. San Pablo
68d85d46-9406-406a-a848-5ba6b3f19c13,POLICE,Providencia,2025-06-02 19:37:03.401000,Av. Rancagua
391c516c-c5d8-469c-94b4-10ba73efb61d,POLICE,Santiago,2025-06-02 19:37:03.401000,San Francisco
a4930d2c-0e37-4f6f-8d5b-59afd6d2ca1b,JAM,,2025-06-02 19:37:03.401000,Autopista Central - Eje Gral. Velásquez
f6845332-a4ed-42b7-92b3-1787afc3532d,JAM,Providencia,2025-06-02 19:37:03.401000,Av. Salvador
ebba405f-97dd-48b3-a1df-c78344d7b820,HAZARD,Santiago,2025-06-02 19:37:03.401000,
888e5835-cbfc-422e-ac7f-88429833ed98,ROAD_CLOSED,Quinta Normal,2025-06-02 19:37:03.401000,Mapocho
41453e45-6f06-49a5-8e1e-f0187e0d16b5,HAZARD,Pudahuel,2025-06-02 19:37:03.401000,Radial Palena
c662cbd0-719e-45d2-9687-294671831b60,HAZARD,Santiago,2025-06-02 19:37:03.401000,Av. Libertador Bernardo O'Higgins
b0553fc1-6454-4a01-b032-45a69bf2053a,ROAD_CLOSED,Pudahuel,2025-06-02 19:37:03.401000,Av. Américo Vespucio
dc8567dd-791a-4072-b02e-fc89eb05bc42,ROAD_CLOSED,Conchalí,2025-06-02 19:37:03.401000,Av. Independencia
3b72c86f-1ab2-49cb-b713-0673293fece0,POLICE,Santiago,2025-06-02 19:37:03.401000,Santo Domingo
616fb230-8563-482d-9f1f-c47f101c3be9,POLICE,Renca,2025-06-02 19:37:03.401000,Vicuña Mackenna
8c111691-b22c-425b-bf0d-076288402732,ROAD_CLOSED,Conchalí,2025-06-02 19:37:03.401000,Negrete
7aa70c5c-e484-4356-8ea6-281d8644589f,HAZARD,Santiago,2025-06-02 19:37:03.401000,Av. Libertador Bernardo O'Higgins
16930b64-0095-4644-8483-1401f112b65b,HAZARD,Santiago,2025-06-02 19:37:03.401000,Av. Libertador Bernardo O'Higgins
77065883-c284-4806-8dc8-6fbcd1daca02,POLICE,Providencia,2025-06-02 19:37:03.401000,Av. Vicuña Mackenna
16786ab3-f7c7-431d-871a-20b874697269,HAZARD,Santiago,2025-06-02 19:37:03.401000,
6eeec87f-4878-425e-bad8-b28f493249d1,POLICE,Huechuraba,2025-06-02 19:37:03.401000,Av. Las Torres
c0d16607-1ae3-48b0-a244-c81fc6dbb932,HAZARD,Renca,2025-06-02 19:37:03.401000,Puerto Montt
ec0f0e90-0780-4298-bc17-5e9c01205c0a,POLICE,Providencia,2025-06-02 19:37:03.401000,Av. Francisco Bilbao
118bad19-2884-4913-a831-90de8df9c388,JAM,Independencia,2025-06-02 19:37:03.401000,Av. Independencia
d5cdc95a-8161-4dee-942e-b2ee6b25fce6,HAZARD,Quinta Normal,2025-06-02 19:37:03.401000,Santo Domingo
689404c6-d07f-4417-8db5-751bee93a1c9,POLICE,Providencia,2025-06-02 19:37:03.401000,Nueva Tobalaba
8b34373d-6feb-435e-8867-386d38f5c5b9,ROAD_CLOSED,,2025-06-02 19:37:03.401000,Los Conquistadores / Túnel San Cristóbal
bc7bed42-b63d-408f-88f3-524289bf8d35,ROAD_CLOSED,Conchalí,2025-06-02 19:37:03.401000,Av. Independencia
411045cb-2369-4cd5-9b90-ffaa9b90cda7,HAZARD,,2025-06-02 19:37:03.401000,Acceso Autopista Vespucio Norte
53cf278a-9c95-4a94-a930-728ad680cd23,JAM,Recoleta,2025-06-02 19:37:03.401000,Artesanos
83b56c51-5783-4411-8ef5-c2662f0e1ec2,HAZARD,Pudahuel,2025-06-02 19:37:03.401000,Lucero
759c3d41-6fe2-460c-9834-b8c08e7c0c44,ROAD_CLOSED,Pudahuel,2025-06-02 19:37:03.401000,Av. Claudio Arrau
02a0d964-25cc-4cea-afc5-1bfd1b9cb483,HAZARD,Huechuraba,2025-06-02 19:37:03.401000,Av. Pedro Fontova
9e908c56-86f0-45b9-b007-9c95ea11c53a,ROAD_CLOSED,Providencia,2025-06-02 19:37:03.401000,Condell
60637f03-868a-42a4-9635-bf5dc1d27463,HAZARD,Santiago,2025-06-02 19:37:03.401000,Av. Vicuña Mackenna
fba2eadb-338a-442e-aa98-9b5797d62384,HAZARD,Las Condes,2025-06-02 19:37:03.401000,Benjamín
5cda03d8-fbcf-430b-956a-b4d304639c8f,JAM,Huechuraba,2025-06-02 19:37:03.401000,Av. Pedro Fontova Norte
1c2a6ff2-8d05-4d02-b5ce-01cd198c5b08,HAZARD,,2025-06-02 19:37:03.401000,Autopista Costanera Norte
8d0bd72d-4ac0-46bc-b416-5170f8acbc03,JAM,Quinta Normal,2025-06-02 19:37:03.401000,Santa Fe
9d433afd-94f9-4f51-8533-56f22b8892ad,ROAD_CLOSED,Cerro Navia,2025-06-02 19:37:03.401000,Vicuña Rozas
8b60b9d9-d88a-4c4a-93d0-5c2d75c4cae6,ROAD_CLOSED,Pudahuel,2025-06-02 19:37:03.401000,Av. San Pablo
d7498760-681e-416a-87f2-d57ef5ba994a,ROAD_CLOSED,Pudahuel,2025-06-02 19:37:03.401000,Av. San Pablo
938f0b40-e0cb-47be-a2cf-bcfd73adc8ea,HAZARD,Cerro Navia,2025-06-02 19:37:03.401000,Galo González
d6287ff1-9565-4e70-b7ec-a638a5620d50,POLICE,Santiago,2025-06-02 19:37:03.401000,Av. Manuel Rodríguez
303aa606-dca9-4bf5-b1d3-ea35148e91dd,POLICE,Quinta Normal,2025-06-02 19:37:03.401000,Av. Carrascal
9e869665-29b9-4a54-914c-b912e1aece3e,JAM,Pudahuel,2025-06-02 19:37:03.401000,Av. Américo Vespucio
6fd7532f-cedd-4517-a0df-b180d7891b0b,POLICE,Santiago,2025-06-02 19:37:03.401000,Pío Nono
b4fcb2a2-1ac1-4c38-8a5d-ac96a12da05d,JAM,Providencia,2025-06-02 19:37:03.401000,Av. Los Leones
3cc7b55d-abf8-4338-b902-1277857f4fef,ROAD_CLOSED,Providencia,2025-06-02 19:37:03.401000,Condell
05d5331f-069e-417b-ba9e-ccbdd2628b40,POLICE,Santiago,2025-06-02 19:37:03.401000,Av. San Pablo
a7645007-ddaf-4f2a-9cc2-b14e01928de3,HAZARD,Quilicura,2025-06-02 19:37:03.401000,Luis Olea
36b8fe08-236c-4e41-a2ac-2e1cf375bc2f,HAZARD,,2025-06-02 19:37:03.401000,Chorrillos 3
7b38fbe6-c41d-4b99-9454-29248126f5c4,HAZARD,Quilicura,2025-06-02 19:37:03.401000,Pastora Rosa Astete
77e5e91c-62ed-4297-bc13-95c348e733be,POLICE,Santiago,2025-06-02 19:37:03.401000,Av. Manuel Rodríguez
27d9564c-aa0f-45ae-b057-3d1179df8388,ROAD_CLOSED,Conchalí,2025-06-02 19:37:03.401000,Av. Independencia
526e4216-7ef2-486f-9ff8-00cd4f1c4d02,HAZARD,,2025-06-02 19:37:03.401000,Ruta G-16
6c35213e-ac1d-414b-9ee8-c2c56243fe49,JAM,Quilicura,2025-06-02 19:37:03.401000,Santa Luisa
044694e7-059b-491a-a8fc-12c8a5c97d8a,JAM,Santiago,2025-06-02 19:37:03.401000,Av. Libertador Bernardo O'Higgins
28944205-27df-4254-8a1f-22c0bc45762c,HAZARD,Santiago,2025-06-02 19:37:03.401000,Av. Libertador Bernardo O'Higgins
a932acb2-1eab-46a9-beeb-de7fb30403a8,JAM,Pudahuel,2025-06-02 19:37:03.401000,Diego Barros Ortiz
befd4d87-a76d-475c-9acd-345fa1db5eb8,ROAD_CLOSED,Conchalí,2025-06-02 19:37:03.401000,Av. Independencia
7ca29caa-1ffd-4574-bbca-9c8e211e54df,HAZARD,Quinta Normal,2025-06-02 19:37:03.401000,Bismarck
efe8424e-09c0-4e4e-bfbc-1c454424ee8f,HAZARD,Independencia,2025-06-02 19:37:03.401000,Av. Salomón Sack
e24782b3-ca49-44ec-8db8-4c1618c540eb,HAZARD,Santiago,2025-06-02 19:37:03.401000,Portugal
35d94212-09eb-4850-bb9a-f832e8069f63,HAZARD,Santiago,2025-06-02 19:37:03.401000,Av. Libertador Bernardo O'Higgins
3eb23ca9-af0d-4ab0-bc02-3ee55841790b,HAZARD,Independencia,2025-06-02 19:37:03.401000,Altamirano
ab6daf4e-3217-4519-bf47-4597e1ff2630,ROAD_CLOSED,Conchalí,2025-06-02 19:37:03.401000,Av. Independencia
a5e9fc10-7553-447f-8d7d-344a5a42c9a3,ROAD_CLOSED,Pudahuel,2025-06-02 19:37:03.401000,Av. San Pablo
7c1021b2-8cf2-4894-a52e-e920377ab758,JAM,,2025-06-02 19:37:03.401000,Ruta 68
39b1cda2-a30a-472c-8b5c-507369715fc2,JAM,Quilicura,2025-06-02 19:37:03.401000,Guardiamarina Riquelme
7e11e0de-2492-48c5-97af-45005dd79627,HAZARD,Santiago,2025-06-02 19:37:03.401000,Av. Libertador Bernardo O'Higgins
aa39d3bd-6086-4e8c-8df0-ae70c1b4be54,ROAD_CLOSED,Pudahuel,2025-06-02 19:37:03.401000,Depósito Express Pudahuel
8552dae4-08dc-4fb5-9069-6cf4f66d3835,HAZARD,Conchalí,2025-06-02 19:37:03.401000,Av. Presidente Eduardo Frei Montalva
3bd84d0d-ce0f-4536-b5ee-a410adbbd69d,HAZARD,Renca,2025-06-02 19:37:03.401000,Puerto Montt
58ccd6bd-2475-4be2-a8bf-e4f0f9e4c790,ROAD_CLOSED,Quinta Normal,2025-06-02 19:37:03.401000,Mapocho
1d9c7eeb-19a8-4af9-a6ce-64cc554e6ba4,POLICE,Recoleta,2025-06-02 19:37:03.401000,El Salto Chico
f432b0ec-b878-4c09-990b-4765d48db940,ROAD_CLOSED,Pudahuel,2025-06-02 19:37:03.401000,Depósito Express Pudahuel
7a4474ee-6493-42f6-80fe-00e94b92f28c,HAZARD,Santiago,2025-06-02 19:37:03.401000,Av. Libertador Bernardo O'Higgins
358ac2d7-8275-43cc-be1d-30147d63005c,HAZARD,Santiago,2025-06-02 19:37:03.401000,Av. Libertador Bernardo O'Higgins
b6aa00ef-1bff-4e32-95eb-1482722fc22b,HAZARD,Santiago,2025-06-02 19:37:03.401000,Av. Libertador Bernardo O'Higgins
1cda8b1e-a276-4a55-ac12-8174229ddfa9,HAZARD,Las Condes,2025-06-02 19:37:06.459000,Av. Alexander Fleming
d4772a0b-31a0-4dba-9207-6cd8c8df7a17,JAM,Las Condes,2025-06-02 19:37:06.459000,Av. Las Condes
cc73dc11-5716-4f4f-a567-cfe7d9399319,JAM,Vitacura,2025-06-02 19:37:06.459000,Gran Vía
3aeba688-4388-42fb-90d3-7b67527a79ba,HAZARD,Lo Barnechea,2025-06-02 19:37:06.459000,Av. José Alcalde Délano
12c2847c-57b1-46f7-a897-e438c92bb9f8,JAM,La Reina,2025-06-02 19:37:06.459000,Monseñor Edwards
263a7ad5-5bcb-4777-91da-08155441f3fb,JAM,La Reina,2025-06-02 19:37:06.459000,Padre Hurtado
1d62ed98-ca0a-45c8-b1d2-ffadb8af2281,JAM,Lo Barnechea,2025-06-02 19:37:06.459000,Robles
ebb9254a-de10-4bd6-89bf-edf75fc9dfba,JAM,Las Condes,2025-06-02 19:37:06.459000,Av. Manquehue
d7288ca2-ce4f-41ba-9471-8df8dc492d50,HAZARD,Las Condes,2025-06-02 19:37:06.459000,Kennedy lateral
2112d595-fab6-4239-9aed-71b7ef1099a2,HAZARD,Vitacura,2025-06-02 19:37:06.459000,Av. Américo Vespucio Norte
d4149c1f-25fb-4928-a8b0-01fcb76dd5ae,JAM,Las Condes,2025-06-02 19:37:06.459000,Presidente Errázuriz
b08d47d3-72b4-47fc-9950-f77371e3f395,JAM,La Reina,2025-06-02 19:37:06.459000,Av. Ossa
9492d8db-772b-4a97-be57-3c591b094338,JAM,Las Condes,2025-06-02 19:37:06.459000,Los Militares
0937f622-e539-42c2-a6b5-6c01a3da13ea,ROAD_CLOSED,Ñuñoa,2025-06-02 19:37:06.459000,Romeo Salinas
826e8d01-981e-4392-9546-0aeddd26417d,HAZARD,Las Condes,2025-06-02 19:37:06.459000,Hernando de Magallanes
e4888f18-e58d-4795-bc18-518dd3c882bd,JAM,Las Condes,2025-06-02 19:37:06.459000,Chesterton
e7bc9382-3885-4646-9116-742000f14783,JAM,Las Condes,2025-06-02 19:37:06.459000,San Carlos de Apoquindo
a16da7a1-169d-45a4-a178-d9191fcb10f1,POLICE,Las Condes,2025-06-02 19:37:06.459000,Renato Sánchez
2ea3ee39-6b8c-4a43-912f-5830190b1cb8,HAZARD,Lo Barnechea,2025-06-02 19:37:06.459000,Av. José Alcalde Délano
e1eff6b4-b570-4a1d-b60f-f0e32c398e39,HAZARD,La Reina,2025-06-02 19:37:06.459000,
96a7b955-6cb6-41f6-9189-036f9294b4ca,JAM,Las Condes,2025-06-02 19:37:06.459000,Presidente Errázuriz
ea9e59d3-7105-4bb4-91e8-89870504fa5d,ACCIDENT,Vitacura,2025-06-02 19:37:06.459000,Camino Santa Teresa de Los Andes
e83ead7b-f240-426f-8521-162124188ddc,HAZARD,Las Condes,2025-06-02 19:37:06.459000,Av. Américo Vespucio Sur
0e880b24-e006-4b4f-a3bd-0ac7c11bdbbc,HAZARD,Las Condes,2025-06-02 19:37:06.459000,Charles Hamilton
18d712a3-9236-4151-9fa0-9b9ccabc5ee8,ROAD_CLOSED,Ñuñoa,2025-06-02 19:37:06.459000,Romeo Salinas
412bda22-9ab2-4d8f-9a65-26a18e1786c5,HAZARD,Ñuñoa,2025-06-02 19:37:06.459000,Bremen
daa360f7-c396-453c-a23d-e71b5cdd065e,JAM,Ñuñoa,2025-06-02 19:37:06.459000,Av. Ossa
8934772e-b6ee-4958-85e7-1fce0b335ac8,POLICE,,2025-06-02 19:37:06.459000,Autopista Kennedy
187cdba2-014d-4ec2-a9fe-3a4622e165cc,HAZARD,Las Condes,2025-06-02 19:37:06.459000,Vital Apoquindo interior
bfbeee94-8030-4506-9fcc-9c3949d6deff,JAM,Vitacura,2025-06-02 19:37:06.459000,Gran Vía
a39eb0d6-f5f7-4a19-ac95-ff57d8a66da0,POLICE,Las Condes,2025-06-02 19:37:06.459000,Av. Padre Hurtado Sur
b7009ce8-9b28-4517-be95-5bce80da14ef,HAZARD,Las Condes,2025-06-02 19:37:06.459000,Manuel Aldunate
a20ca3c5-0e3f-4614-95b9-205c12e1358a,ROAD_CLOSED,Ñuñoa,2025-06-02 19:37:06.459000,Romeo Salinas (Pista Izquierda)
13c09ccd-a3ae-4246-8bd5-5c6d0a53dee6,HAZARD,Vitacura,2025-06-02 19:37:06.459000,Camino Santa Teresa de Los Andes
a7b337f7-3e75-40c7-9f6a-53d3f4633422,HAZARD,Las Condes,2025-06-02 19:37:06.459000,Charles Hamilton
35c40549-f1bd-4c17-ae5e-8c0bf4d65228,POLICE,Las Condes,2025-06-02 19:37:06.459000,Acceso Estacionamiento Mall - Padre Hurtado Sur
79c4097c-1837-4564-b965-069addcf8347,JAM,Las Condes,2025-06-02 19:37:06.459000,Av. Manquehue
3f391fd7-92a0-4765-9286-35898e4fff63,HAZARD,Las Condes,2025-06-02 19:37:06.459000,Manuel Aldunate
e57c657f-892f-49ca-9306-08050e37df42,HAZARD,Las Condes,2025-06-02 19:37:06.459000,Charles Hamilton
1eafd40f-4e71-4390-a19e-32c8b051e902,HAZARD,Ñuñoa,2025-06-02 19:37:06.459000,Av. Echeñique
66e88f14-386f-441f-9ae6-1e1e6fb5f031,POLICE,Las Condes,2025-06-02 19:37:06.459000,Av. Américo Vespucio Sur
834e0236-b40a-4f4a-a66a-007a2630a4ec,HAZARD,Ñuñoa,2025-06-02 19:37:06.459000,Av. Simón Bolívar
284a6700-d221-41ba-9279-da29dc40c9e5,HAZARD,Las Condes,2025-06-02 19:37:06.459000,Domingo Bondi
6361ff5b-8769-4e8d-ab6e-46c083899f30,JAM,La Reina,2025-06-02 19:37:06.459000,Av. Ossa
b959e2a4-9d19-41fc-89c3-1e6a4fe5d3b5,HAZARD,Pedro Aguirre Cerda,2025-06-02 19:37:09.811000,Maipú
66fb3e31-5bf3-49f8-9cef-0b363f886ef1,HAZARD,Maipú,2025-06-02 19:37:09.811000,Av. Alfredo Silva Carvallo
e22d9289-9a93-4d24-b726-38f77ea06250,POLICE,La Florida,2025-06-02 19:37:09.811000,Dr. Sótero del Río
f29216ec-7dad-46d0-a021-53847e7da331,ROAD_CLOSED,Maipú,2025-06-02 19:37:09.811000,Longitudinal
ae39c231-8aae-4e1b-b020-3864aeb1b354,ROAD_CLOSED,Maipú,2025-06-02 19:37:09.811000,Longitudinal
09a9aabb-8d67-48e0-84e2-daa82c87125c,HAZARD,Maipú,2025-06-02 19:37:09.811000,Alaska
4a7ed92a-7cf5-40c4-bca1-9a6190d9a3d5,HAZARD,Maipú,2025-06-02 19:37:09.811000,Judea
ac940c14-09fb-452c-b345-a0ddd1e1ef63,JAM,Estación Central,2025-06-02 19:37:09.811000,Av. Libertador Bernardo O'Higgins
89d017b9-eca9-4671-857d-47d50b363dd0,JAM,Estación Central,2025-06-02 19:37:09.811000,Av. Libertador Bernardo O'Higgins
e95f7c45-ee38-458b-b54b-fccc5bc21a13,HAZARD,,2025-06-02 19:37:09.811000,Acceso a Autopista Central
f39127e8-6bc7-4947-96d6-8ce20b02a35a,HAZARD,Maipú,2025-06-02 19:37:09.811000,Rinconada
facb8c0e-a269-4f54-ae04-caa6d902a1ce,HAZARD,Maipú,2025-06-02 19:37:09.811000,Las Palomas de San José
d25b0188-b144-4a57-87e4-749207ea1183,ROAD_CLOSED,,2025-06-02 19:37:09.811000,Salida > El Rosal
a1f9349a-40d8-4941-9b28-640d4a81259f,CHIT_CHAT,Estación Central,2025-06-02 19:37:09.811000,Av. Las Rejas Sur
df549129-d889-4673-bab6-519896ca6203,ROAD_CLOSED,Maipú,2025-06-02 19:37:09.811000,Aves del Paraíso
3bd90463-6806-49fd-b0c0-edd0567ab19d,CHIT_CHAT,Santiago,2025-06-02 19:37:09.811000,Av. Libertador Bernardo O'Higgins
95992956-1276-461d-83e8-236f004610d8,CHIT_CHAT,Maipú,2025-06-02 19:37:09.811000,Av. Primera Transversal
4292728b-1d10-4896-8ef8-88d148645cee,HAZARD,La Florida,2025-06-02 19:37:09.811000,Exequiel Fernández
51418929-8e48-4629-b2d5-4adf2cc8e924,HAZARD,Santiago,2025-06-02 19:37:09.811000,Santa Graciela
263fca89-eebf-4ab9-a557-bb8ddab56271,HAZARD,Cerrillos,2025-06-02 19:37:09.811000,Av. Suiza
aed05f1a-2737-4651-8948-15d891f13140,ROAD_CLOSED,Maipú,2025-06-02 19:37:09.811000,Longitudinal
2d345e2a-70ca-47d9-af5c-ec004b24cb89,JAM,Pedro Aguirre Cerda,2025-06-02 19:37:09.811000,Av. Presidente José Joaquín Prieto Vial
78c6ebc3-99c8-4c7b-9c00-1192b764157e,ROAD_CLOSED,Maipú,2025-06-02 19:37:09.811000,Av. Hugo Bravo
5974df6c-1cc1-4cf6-9e6b-baa53be923d4,HAZARD,Maipú,2025-06-02 19:37:09.811000,Santa Adela
2ab0f6b0-6655-4444-a652-c65e01ebcdb6,JAM,San Miguel,2025-06-02 19:37:09.811000,Gauss
680ddf60-ec4b-403d-8640-163d9c490b81,ROAD_CLOSED,Maipú,2025-06-02 19:37:09.811000,Av. Hugo Bravo
e41c68ba-630c-42e4-a6b4-19a74f833bc0,ROAD_CLOSED,El Bosque,2025-06-02 19:37:09.811000,Av. Padre Hurtado
376fcb3d-f1a4-4c2f-956f-380cef6e11d5,HAZARD,Santiago,2025-06-02 19:37:09.811000,Av. Manuel Antonio Matta
48e84362-f07a-4a27-b2c8-70c1a7cdaf88,HAZARD,,2025-06-02 19:37:09.811000,Av. La Farfana
df8bc4ff-6367-48e9-ba4f-6a9169e6fc32,JAM,Lo Espejo,2025-06-02 19:37:09.811000,Av. Presidente José Joaquín Prieto Vial
c1334688-3607-4a9c-81f1-ffec18a672a3,HAZARD,San Ramón,2025-06-02 19:37:09.811000,Av. Américo Vespucio
50eb344c-5a37-413f-afa6-9e7e2df7d151,HAZARD,Cerrillos,2025-06-02 19:37:09.811000,El Mirador
92e9cd96-a847-4a12-99c9-18dd8d46ce8b,POLICE,Santiago,2025-06-02 19:37:09.811000,Santa Elena
01a7b4ea-4a8b-4f65-aefd-26c154194ce5,JAM,Estación Central,2025-06-02 19:37:09.811000,General Amengual
3db1868e-1188-406d-b345-6b01bbdf7599,JAM,Estación Central,2025-06-02 19:37:09.811000,
65150e72-11c1-47fb-af9a-ed561eec206e,ROAD_CLOSED,Maipú,2025-06-02 19:37:09.812000,Longitudinal
d8c9a285-e932-40bc-a5dd-b46139b1dac0,POLICE,San Joaquín,2025-06-02 19:37:09.812000,Av. Departamental
4a21f519-3337-413c-abff-bc7c3da193df,HAZARD,Padre Hurtado,2025-06-02 19:37:09.812000,
df372bb2-41f4-4dcd-b43e-4290e2f7b767,HAZARD,San Miguel,2025-06-02 19:37:09.812000,Teresa Vial
654f1cfd-ed28-4a80-b1f6-cc98d0c5bf0c,ROAD_CLOSED,El Bosque,2025-06-02 19:37:09.812000,Av. Padre Hurtado
6ed8ab61-604a-473c-8891-1a3271a1f2c1,ROAD_CLOSED,Estación Central,2025-06-02 19:37:09.812000,Los Alerces
6a287517-b8dc-44cd-90f8-4d41d9ae3db1,HAZARD,Estación Central,2025-06-02 19:37:09.812000,Obispo Manuel Umaña
fe2e4090-5c7b-4e67-981d-7dca60e9b28d,JAM,Santiago,2025-06-02 19:37:09.812000,Exposición
77dab780-494c-4857-8e14-246a166a88a7,HAZARD,Ñuñoa,2025-06-02 19:37:09.812000,Av. Pedro de Valdivia
56befa7d-dae7-4fed-b8bf-704272bbaf2a,ROAD_CLOSED,Maipú,2025-06-02 19:37:09.812000,Av. Hugo Bravo
b9212d17-f150-4ae1-b933-7b8d7c5a07bc,HAZARD,Macul,2025-06-02 19:37:09.812000,Av. Sergio Vieira de Mello
df6c506f-7a61-419e-9aec-bc9f231c89d4,JAM,Maipú,2025-06-02 19:37:09.812000,Mateo de Toro y Zambrano
a9a5f8ed-1513-4579-9ec1-855488a12464,JAM,La Florida,2025-06-02 19:37:09.812000,Av. Vicuña Mackenna Poniente
77da9f45-2aa3-4d1e-81c1-528359fa074f,JAM,Maipú,2025-06-02 19:37:09.812000,Padre Hurtado
42a8932f-1a50-4db0-ac15-31cca68c1fbd,HAZARD,San Miguel,2025-06-02 19:37:09.812000,Ramón Subercaseaux
d71154b3-f32d-4242-ba70-8a767e0dcdab,HAZARD,Cerrillos,2025-06-02 19:37:09.812000,Av. Aeropuerto
6beb191a-9f87-4165-a81d-5cc9bdc39492,ROAD_CLOSED,Estación Central,2025-06-02 19:37:09.812000,Los Alerces
29b8256c-3270-4b25-b817-59959d4e9302,HAZARD,Maipú,2025-06-02 19:37:09.812000,Siglo XX
6484e186-a36d-4295-9223-b5de0467f223,HAZARD,San Joaquín,2025-06-02 19:37:09.812000,Av. Federico Haydn
02522165-ca2b-4326-8120-a6bdc07dab5e,ROAD_CLOSED,Maipú,2025-06-02 19:37:09.812000,Longitudinal
ae604c5c-057a-43ee-9f92-13c4ee58cd58,JAM,Estación Central,2025-06-02 19:37:09.812000,Arica
aad170f2-a263-424d-af51-a212acd5cb4b,JAM,Santiago,2025-06-02 19:37:09.812000,Copiapó
3ecfa2a0-cc1a-447f-961f-07b3e13bc4a7,HAZARD,Maipú,2025-06-02 19:37:09.812000,Av. Alfredo Silva Carvallo
74e1dda1-84dc-4b14-8f11-6a43fe630fa2,JAM,Santiago,2025-06-02 19:37:09.812000,Espiñeira
23c52bba-8b35-475d-b433-b620e6806d3e,JAM,La Granja,2025-06-02 19:37:09.812000,Av. Cardenal Raúl Silva Henríquez
ca7d9700-f726-49c4-aabb-ec777721508a,POLICE,Estación Central,2025-06-02 19:37:09.812000,Av. 5 de Abril
be6dfda9-38e9-4512-8a0e-618975bddc56,HAZARD,Maipú,2025-06-02 19:37:09.812000,Av. Pajaritos
31763f94-b731-4476-b311-dadb0b51210f,ROAD_CLOSED,Maipú,2025-06-02 19:37:09.812000,Longitudinal
cb3c321f-6ba8-4430-b4e9-83afbdec6137,HAZARD,Maipú,2025-06-02 19:37:09.812000,Av. 3 Poniente
b6e3cfc7-73ae-4c8c-8add-e0312c147dbf,HAZARD,Maipú,2025-06-02 19:37:09.812000,Anique
e58601a2-4f08-440b-aee2-b97d04e30ba4,ROAD_CLOSED,Maipú,2025-06-02 19:37:09.812000,Aves del Paraíso
ef810e9e-cdfd-44f4-96cc-14c4f315ff06,HAZARD,La Cisterna,2025-06-02 19:37:09.812000,Av. Lo Espejo
73bea2f6-c7a2-4e58-afa5-50fc14215466,HAZARD,Pudahuel,2025-06-02 19:37:09.812000,Av. Américo Vespucio
e7f1d561-2d0f-4f33-9f73-731b28d64786,ROAD_CLOSED,,2025-06-02 19:37:09.812000,Acceso Autopista Américo Vespucio > Ruta 68 / Las Condes
0ac340c6-73fe-48cb-af06-0228d4009e5e,POLICE,Pedro Aguirre Cerda,2025-06-02 19:37:09.812000,Los Comandos
bf8f2e8b-a140-4060-aec1-af59aa5aa6d4,ROAD_CLOSED,Maipú,2025-06-02 19:37:09.812000,Av. Hugo Bravo
9eb43682-48a3-44e2-9aeb-0ebbc9c24181,HAZARD,Estación Central,2025-06-02 19:37:09.812000,Los Maitenes
16ee0eca-5a91-4b04-bd2b-fcfe69d7c350,JAM,,2025-06-02 19:37:09.812000,Salida 8c-S > Av. Américo Vespucio al Poniente
a2f88295-9789-4a1c-a0fe-0b9fcb3c75c0,POLICE,La Granja,2025-06-02 19:37:09.812000,Av. Cardenal Raúl Silva Henríquez
730e9cbc-dc8e-441c-98a1-c50b88b5eef2,ROAD_CLOSED,Maipú,2025-06-02 19:37:09.812000,Aves del Paraíso
c41e890b-6810-434a-8894-42a8a58185e4,ROAD_CLOSED,Maipú,2025-06-02 19:37:09.812000,Longitudinal
ca7e2d5e-4c85-45b1-82c9-540c360f27e3,ROAD_CLOSED,Maipú,2025-06-02 19:37:09.812000,Av. Hugo Bravo
ff05022d-d61a-4c50-805f-e371a6c8137e,HAZARD,San Joaquín,2025-06-02 19:37:09.812000,Mozart
56779c33-63d4-469d-87e2-c73747653d20,HAZARD,Lo Espejo,2025-06-02 19:37:09.812000,Av. Lo Espejo
d6c7e67c-6471-4dea-8840-058d6519e5f8,CHIT_CHAT,Estación Central,2025-06-02 19:37:09.812000,Hermanos Arellano
00506272-1c2f-44e3-91a8-486ee4ff066e,JAM,San Miguel,2025-06-02 19:37:09.812000,Av. Departamental
d2a58664-bc76-40ae-94f7-945b3902c818,HAZARD,Maipú,2025-06-02 19:37:09.812000,El Rosal
210ff2b8-f9b7-4d82-80ef-7c604123b3ba,ROAD_CLOSED,Estación Central,2025-06-02 19:37:09.812000,Iquique
e3ab8ea1-6f0d-457a-aa40-2b4d62427825,ROAD_CLOSED,Maipú,2025-06-02 19:37:09.812000,Longitudinal
c777943a-b120-4220-bdea-0d520020571f,JAM,Cerrillos,2025-06-02 19:37:09.812000,Av. Américo Vespucio
2a7f5b20-e893-44b2-ba79-5de5e84631ac,ROAD_CLOSED,Lo Espejo,2025-06-02 19:37:09.812000,Balmaceda
d79b3768-ae47-419f-8938-99715fdac200,HAZARD,La Cisterna,2025-06-02 19:37:09.812000,Av. Presidente José Joaquín Prieto Vial
075628de-9e69-4e58-b9f2-d1cfbd2334e5,ROAD_CLOSED,Maipú,2025-06-02 19:37:09.812000,Longitudinal
afc70ae7-e6d3-49b3-9a4f-4865b9593dd2,ROAD_CLOSED,Maipú,2025-06-02 19:37:09.812000,Longitudinal
661b43e3-12e1-4072-8c98-84969177be92,JAM,Santiago,2025-06-02 19:37:09.812000,República
e64f8d81-c4b3-4501-ad89-31d26624cec7,HAZARD,Maipú,2025-06-02 19:37:09.812000,Av. Las Torres
544d00bf-69e6-458a-8bb3-b3b942a91873,JAM,Santiago,2025-06-02 19:37:09.812000,Santiaguillo
dffadf98-4e33-44e7-a582-c2aae430e101,ROAD_CLOSED,Maipú,2025-06-02 19:37:09.812000,Longitudinal
89fc985f-1413-4f77-ae44-c04e75755337,POLICE,Santiago,2025-06-02 19:37:09.812000,Exposición
ac653a57-707f-4dc8-bea4-9308ddd3061a,POLICE,Maipú,2025-06-02 19:37:09.812000,Av. Primera Transversal
d1852e21-8148-4b34-bd3c-77dd9b20c0b3,HAZARD,Maipú,2025-06-02 19:37:09.812000,Del Rey
156e46ad-15cb-42c2-ab18-172ec736f443,ROAD_CLOSED,Maipú,2025-06-02 19:37:09.812000,Av. Hugo Bravo
be65c00d-d789-4be8-a49f-82ad13ffb78e,HAZARD,Maipú,2025-06-02 19:37:09.812000,La Sinfonía
f7370d7b-2646-4dd3-8316-69e5d44e28ed,HAZARD,San Miguel,2025-06-02 19:37:09.812000,2ª Avenida
08d079f2-9393-4aa0-89bd-8254990a2181,HAZARD,Maipú,2025-06-02 19:37:09.812000,Gandhi
ebfaad9b-2eeb-40cd-aa0d-1e41681527a3,HAZARD,San Joaquín,2025-06-02 19:37:09.812000,Av. Carlos Valdovinos
b28daed7-c7ee-42bd-acbf-36c731e17d9e,HAZARD,La Cisterna,2025-06-02 19:37:09.812000,La Vendimia
a15a0d22-ea22-44ff-bd5f-9bd1fb79fc16,HAZARD,La Granja,2025-06-02 19:37:09.812000,Punta Arenas
c052201a-1d30-4d7a-8007-5b05cb2ce5da,HAZARD,,2025-06-02 19:37:09.812000,
56c6a952-de51-4bc4-8faf-75102f27c3f4,HAZARD,Maipú,2025-06-02 19:37:09.812000,Idumea
aa4a4dcd-05c2-442e-b497-8ab9485cbc8a,ROAD_CLOSED,Estación Central,2025-06-02 19:37:09.812000,Iquique
9b27ffba-8491-4dad-b67d-f9488f56f4a6,HAZARD,Estación Central,2025-06-02 19:37:09.812000,Enrique Bunster
5e6445bd-4e73-4d15-a905-f75e5ec56c07,JAM,La Granja,2025-06-02 19:37:09.812000,Av. Cardenal Raúl Silva Henríquez
1f7eb61d-c052-404c-8167-c52f7eecb22d,POLICE,Estación Central,2025-06-02 19:37:09.812000,Av. 5 de Abril
d2b6753c-457b-405e-b56f-5f0b8e98b812,ROAD_CLOSED,,2025-06-02 19:37:09.812000,Acceso a Autopista Américo Vespucio > Ruta 68 / Las Condes
09eb8108-67e2-4796-9800-0a2b557e069d,JAM,Ñuñoa,2025-06-02 19:37:09.812000,Av. Irarrázaval
b9363f4f-f431-4e5b-b902-412b6d4fc0f4,HAZARD,Santiago,2025-06-02 19:37:09.812000,El Mirador
ba3c9c62-c98d-4656-8db8-323cdda984d0,HAZARD,Maipú,2025-06-02 19:37:09.812000,Los Glaciares
62ed41ea-1b98-4a5a-b941-58df18cfe69d,HAZARD,Pudahuel,2025-06-02 19:37:09.812000,Av. Claudio Arrau
75c17e59-bb1c-4fda-8631-5aaee93223a8,ROAD_CLOSED,La Cisterna,2025-06-02 19:37:09.812000,Av. Ossa
20f2168f-c6ef-494d-a904-aaac2feb6fe0,ROAD_CLOSED,Maipú,2025-06-02 19:37:09.812000,Longitudinal
794eebfa-0ac7-41ee-b5cc-07403f87f6ce,HAZARD,Estación Central,2025-06-02 19:37:09.812000,María Magdalena
01139adf-033e-44b9-9bd6-6e447a355c45,HAZARD,Maipú,2025-06-02 19:37:09.812000,Cordillera de Los Andes
4b9bf082-2270-4216-96bd-4db892582c9e,ACCIDENT,Maipú,2025-06-02 19:37:09.812000,Av. Américo Vespucio
9090c646-bdd3-4842-a223-7ef4905269d8,POLICE,Estación Central,2025-06-02 19:37:09.812000,General Amengual
b24de519-6845-4c67-b631-d3861a7f898b,HAZARD,Maipú,2025-06-02 19:37:09.812000,Berkley
e8c43635-53ae-4347-9814-ecdf843819fc,HAZARD,Maipú,2025-06-02 19:37:09.812000,Las Palomas de San José
5f43f552-55b0-4be3-9224-e73ecc847250,HAZARD,Ñuñoa,2025-06-02 19:37:09.812000,Av. Suecia
299109f2-b7c5-4c8d-aebb-f86763011056,HAZARD,Maipú,2025-06-02 19:37:09.812000,Las Palomas de San José
80264b2e-a85f-4545-bcfd-174143f78939,HAZARD,Maipú,2025-06-02 19:37:09.812000,La Sinfonía
690c4c6f-0743-4657-9bc8-6a380a796146,POLICE,Estación Central,2025-06-02 19:37:09.812000,Av. Las Rejas Sur
e80fb86d-5ecc-4846-be1d-1c8e077bf59f,POLICE,La Florida,2025-06-02 19:37:09.812000,Dr. Sótero del Río
810a3bd0-8073-4e75-9e26-ef4c0595b4f9,HAZARD,Maipú,2025-06-02 19:37:09.812000,Cordillera de Los Andes
d95281ed-d474-42e2-b184-47737b8e30fb,POLICE,Pedro Aguirre Cerda,2025-06-02 19:37:09.812000,Av. Isabel Riquelme
bcfe9f7d-1535-41b3-8d38-173718f10dcd,POLICE,Pedro Aguirre Cerda,2025-06-02 19:37:09.812000,Los Comandos
98e4d470-3cb9-4956-9a9e-c06a807d4284,HAZARD,Maipú,2025-06-02 19:37:09.812000,Av. Maipú
8afff755-3415-4918-98b2-86336747de93,JAM,Santiago,2025-06-02 19:37:09.812000,Av. Manuel Antonio Matta
7d9caa60-9e23-46b0-8870-d886f7b4795d,HAZARD,Lo Espejo,2025-06-02 19:37:09.812000,Av. Lo Espejo
d21b3674-dd75-45df-bc86-2da7287e1fd8,HAZARD,Cerrillos,2025-06-02 19:37:09.812000,Haití
6f0c9c61-4fd1-422f-bba4-c0958c3f3a56,HAZARD,Macul,2025-06-02 19:37:09.812000,Exequiel Fernández
cb3e13d3-3cd5-4b1b-bd88-c92ee85a7787,HAZARD,Maipú,2025-06-02 19:37:09.812000,Leonardo da Vinci
9eb5e887-045f-48e5-92e2-fdb182f66a8c,POLICE,Lo Prado,2025-06-02 19:37:09.812000,Av. General Óscar Bonilla
4462d9ab-fa61-4edc-891d-e5d60c7d9057,CHIT_CHAT,San Joaquín,2025-06-02 19:37:09.812000,Av. Departamental
e7ce3ecd-6e20-4811-af81-7972c52f6caf,HAZARD,La Cisterna,2025-06-02 19:37:09.812000,Av. Lo Espejo
e6c47c26-522f-4ce4-aa1c-4245820a814b,HAZARD,Lo Espejo,2025-06-02 19:37:09.812000,Av. Lo Espejo
ec13db9a-9cda-41ff-be1e-0b49b4a02ffa,HAZARD,Maipú,2025-06-02 19:37:09.812000,Concordia
a394270e-086c-453a-a09c-8823f93a9b47,ROAD_CLOSED,Maipú,2025-06-02 19:37:09.812000,Longitudinal
b2d1f586-5411-4afc-b0ef-84fe271a35e2,HAZARD,Maipú,2025-06-02 19:37:09.812000,Río Ganges
ba574c38-e926-4644-89ca-208ec2e0d8c3,HAZARD,La Cisterna,2025-06-02 19:37:09.812000,Esmeralda
b18b65fa-2cd3-4239-8a4c-66b1a7c2ebd5,HAZARD,Cerrillos,2025-06-02 19:37:09.812000,Av. Américo Vespucio
aba3bcce-b74b-4b38-b7ff-eec93f6d3a7a,JAM,La Granja,2025-06-02 19:37:09.812000,Av. Cardenal Raúl Silva Henríquez
eee10538-ddf8-448b-aa85-bd9bad7bcb9a,HAZARD,Maipú,2025-06-02 19:37:09.812000,Quilín
567f6dc8-a89d-499a-b5bb-f594be5c4e20,ROAD_CLOSED,Maipú,2025-06-02 19:37:09.812000,Longitudinal
08ebc5de-6a3c-4e90-89df-734a8f57ef3a,ROAD_CLOSED,Maipú,2025-06-02 19:37:09.812000,Longitudinal
803858c2-9399-4f31-84b1-ecd035606147,ROAD_CLOSED,Estación Central,2025-06-02 19:37:09.812000,Los Alerces
fcc8134b-56ab-4e14-8f71-f4780d227775,HAZARD,,2025-06-02 19:37:09.812000,Av. La Farfana
aecaf527-0766-4537-b32c-20890479cd68,HAZARD,Maipú,2025-06-02 19:37:09.812000,El Chercán
612f8cad-b61d-455e-bb3e-1d87b8256b51,HAZARD,Maipú,2025-06-02 19:37:09.812000,Av. Ferrocarril
ff776267-f4da-429e-a54a-e3522d05cf17,HAZARD,Maipú,2025-06-02 19:37:09.812000,Marco Antonio
2bb05b2e-18f4-4728-a487-567022be3c31,CHIT_CHAT,Macul,2025-06-02 19:37:09.812000,Av. Escuela Agrícola
d3a2db89-6321-4ff2-a5aa-f2e62930a721,HAZARD,Maipú,2025-06-02 19:37:09.812000,Kepler
8c44fa55-6de8-4ef1-91c6-b02be9b6e137,ROAD_CLOSED,Maipú,2025-06-02 19:37:09.812000,Longitudinal
8b2ec1f8-1543-42fb-a6b3-09d67b398fa0,HAZARD,Santiago,2025-06-02 19:37:09.812000,Nataniel Cox
87481897-79d9-4b01-be72-051ada505f72,CHIT_CHAT,Santiago,2025-06-02 19:37:09.812000,Ñuble
ef824758-dbf2-41b0-bedc-9712487c1134,POLICE,San Ramón,2025-06-02 19:37:09.812000,Av. Fernández Albano
d656beed-9582-4207-87c7-a9ef128080b6,JAM,Maipú,2025-06-02 19:37:09.812000,Av. Pajaritos
e35a4bfb-cee8-48fb-8a0a-140ad6acb055,HAZARD,Maipú,2025-06-02 19:37:09.812000,Av. Américo Vespucio
638c3c5f-45b8-48cf-a3fe-bbaf06d43b84,HAZARD,Estación Central,2025-06-02 19:37:09.812000,
a0613819-6f13-4b62-9898-d6ca7c690857,ROAD_CLOSED,Maipú,2025-06-02 19:37:09.812000,Av. Hugo Bravo
70b15e7e-ce83-4657-9eb4-1f191f438e8e,ROAD_CLOSED,Estación Central,2025-06-02 19:37:09.812000,Iquique
368d010c-d9f4-4b00-913a-e7d8026c7859,HAZARD,Maipú,2025-06-02 19:37:09.812000,
565f4a42-926a-4474-9809-2405ab486064,JAM,Estación Central,2025-06-02 19:37:09.812000,Av. 5 de Abril
01fd7649-f66a-401d-b719-c0a6d2826da6,ROAD_CLOSED,Maipú,2025-06-02 19:37:09.812000,Aves del Paraíso
bb5ba3d0-85d1-499c-94f2-dd0c504a7972,JAM,Maipú,2025-06-02 19:37:09.812000,
8463253d-9266-4929-8d51-735fc1e3221a,POLICE,La Granja,2025-06-02 19:37:09.812000,Av. Cardenal Raúl Silva Henríquez
8f2ed807-42e9-4199-88a3-8d9188a3598f,JAM,Maipú,2025-06-02 19:37:09.812000,Luis Gandarillas
ac8d3794-657d-407e-849f-d4dff241e710,JAM,San Miguel,2025-06-02 19:37:09.812000,Brigadier de la Cruz
bae69c79-ddd9-4021-9ed2-d7db7a409e2a,HAZARD,La Granja,2025-06-02 19:37:09.812000,Av. Yungay
a0376916-07c3-423a-b42b-48bc69ea8267,JAM,Ñuñoa,2025-06-02 19:37:09.812000,Av. Irarrázaval
38f498a5-ce84-4c8a-b0a7-889fbc2eaf38,POLICE,La Florida,2025-06-02 19:37:09.812000,Dr. Sótero del Río
8a12ddb8-e779-447c-b0c3-83294a539edd,ACCIDENT,La Cisterna,2025-06-02 19:37:09.812000,Ignacio Echeverría
c0315dd9-f05a-4fa7-b821-b0ca4d0b66b8,HAZARD,Cerrillos,2025-06-02 19:37:09.812000,Las Hortensias
01809351-6afa-4cc8-8c0d-b5ed0195082f,POLICE,Santiago,2025-06-02 19:37:09.812000,Ñuble
fa088e28-aecd-4160-bce8-3573c31d117c,HAZARD,Maipú,2025-06-02 19:37:09.812000,Av. Américo Vespucio
3a14d0a1-e09c-4477-a5c5-7a5510f2ccc6,JAM,La Granja,2025-06-02 19:37:09.812000,Av. Cardenal Raúl Silva Henríquez
024cb0db-c7bc-423a-a255-dbd161b10d61,JAM,Santiago,2025-06-02 19:37:09.812000,Av. Manuel Antonio Matta
54f5c88d-bbab-4fe7-b90e-fdabfb78b21a,HAZARD,Cerrillos,2025-06-02 19:37:09.812000,Av. Américo Vespucio
47dc7505-a2f8-4024-8b0d-fb5ceefffb91,JAM,Estación Central,2025-06-02 19:37:09.812000,Av. 5 de Abril
e04f36c4-2076-48f5-b2d6-8b204226b1c6,HAZARD,Santiago,2025-06-02 19:37:09.812000,Av. Santa Rosa
cd8fc04d-24b0-4533-9f36-fb6444d9cbbc,POLICE,San Ramón,2025-06-02 19:37:09.812000,Av. Fernández Albano
c5d86f1e-a7d8-4dac-89b9-cd5129d0c9bb,ROAD_CLOSED,Maipú,2025-06-02 19:37:09.812000,Longitudinal
242ab4a1-65e5-401a-9917-2cd3e4d01ab8,JAM,Maipú,2025-06-02 19:37:09.812000,Padre Hurtado
d895ffb8-7b47-4454-8fb9-a1f71865f925,HAZARD,La Cisterna,2025-06-02 19:37:09.812000,San Eduardo
80d7eeb4-a2b0-47b3-9996-b1e83ebf53d1,ROAD_CLOSED,La Cisterna,2025-06-02 19:37:09.812000,Av. Ossa
e4fabfad-1833-448c-bc53-c586f28e98c0,POLICE,Macul,2025-06-02 19:37:09.812000,Av. Marathon
7531dd1c-9095-4310-9a24-ca8a447a8ace,ROAD_CLOSED,Estación Central,2025-06-02 19:37:09.812000,Iquique
a1c9e5d1-8e63-4775-bef7-6e1546a97eea,JAM,La Granja,2025-06-02 19:37:09.812000,Av. Cardenal Raúl Silva Henríquez
edce487b-c3f3-4b50-8e14-88228742383f,ROAD_CLOSED,Maipú,2025-06-02 19:37:09.812000,Longitudinal
195591a0-2d47-47d4-8ec2-4537a8bcff95,HAZARD,Pudahuel,2025-06-02 19:37:09.812000,Av. Américo Vespucio
fed48985-7283-49aa-8541-a45019536f74,HAZARD,,2025-06-02 19:37:09.812000,Acceso a Autopista Central
68f9313b-a76c-4d3a-8034-260e7cacb6d5,ROAD_CLOSED,Maipú,2025-06-02 19:37:09.812000,Longitudinal
c38b8748-5a1d-4c9d-9d9b-5dcd9089afbf,ROAD_CLOSED,Maipú,2025-06-02 19:37:09.812000,Longitudinal
d9401fa3-7e2a-4aaa-bc39-ff83018a1ee5,ROAD_CLOSED,Maipú,2025-06-02 19:37:09.812000,Longitudinal
d94f1ffb-4b2f-4620-bbfa-b757a503db5e,POLICE,Estación Central,2025-06-02 19:37:09.812000,Av. 5 de Abril
550750a6-5c19-48e5-bf08-a669a42aaa91,HAZARD,Maipú,2025-06-02 19:37:09.812000,Av. Alfredo Silva Carvallo
b6f9932f-bb1f-4069-ab26-b6d91fd2c954,HAZARD,Macul,2025-06-02 19:37:11.808000,Av. Macul
a8c19aaa-4d56-407f-978e-ae8ffbab3643,JAM,La Florida,2025-06-02 19:37:11.808000,Av. Vicuña Mackenna
5317aad5-4a39-4803-a9d4-b2f1ab9efdd6,HAZARD,Peñalolén,2025-06-02 19:37:11.808000,Los Boteros
27aa830e-4ca7-4d34-94f6-0e5280150451,HAZARD,Peñalolén,2025-06-02 19:37:11.808000,Av. Grecia
ce202b9b-7124-4e4a-9dec-2a36230bb403,JAM,La Florida,2025-06-02 19:37:11.808000,Av. Departamental
7f128a3f-4768-40bd-b4c2-198bdd1980da,HAZARD,Macul,2025-06-02 19:37:11.808000,Av. Macul
06cd41d7-c8a0-42d0-887b-f761e5d8dca8,HAZARD,Peñalolén,2025-06-02 19:37:11.808000,Av. Quilín Sur
b7a4c09f-8ba5-4979-a485-d3387a16acbc,CHIT_CHAT,La Florida,2025-06-02 19:37:11.808000,Corredor transporte público Vicuña Mackenna
751c11d1-2f9c-41b8-a72f-6bc5fbb38f61,HAZARD,La Florida,2025-06-02 19:37:11.808000,Las Zarcillas
a4e1ee99-6f6c-47db-9b6d-d4c063451ce6,HAZARD,Peñalolén,2025-06-02 19:37:11.808000,Av. Américo Vespucio
83a9e946-972a-4f61-a66a-99a73fb7d82f,POLICE,La Reina,2025-06-02 19:37:11.808000,Av. José Arrieta
8af75244-26a8-4746-ad83-5ff797a9254f,ROAD_CLOSED,Peñalolén,2025-06-02 19:37:11.808000,Av. Tobalaba
2fe8653e-113e-48e1-991e-539c7ce09f18,ROAD_CLOSED,Peñalolén,2025-06-02 19:37:11.808000,Av. Tobalaba
a3cb52ae-877a-4810-a4cb-6ece875e0ae7,HAZARD,Peñalolén,2025-06-02 19:37:11.808000,Las Viñas
6b57a461-43b3-4191-b1f3-9ca2bc5e25f7,HAZARD,La Florida,2025-06-02 19:37:11.808000,Las Zarcillas
e94241ef-f905-4c9b-882d-8bf701c2f58b,POLICE,Ñuñoa,2025-06-02 19:37:11.808000,Dublé Almeyda
514ab5e7-9357-467d-adde-0ff024562f2a,CHIT_CHAT,Ñuñoa,2025-06-02 19:37:11.808000,Av. Américo Vespucio
f5d2d93d-10b8-45b2-a8f7-d460a6fa4b8c,HAZARD,Peñalolén,2025-06-02 19:37:11.808000,Burdeos Norte
5931a885-b3d4-46ca-8707-f856926c2ae0,CHIT_CHAT,La Florida,2025-06-02 19:37:11.808000,Av. Walker Martínez
e16a1c02-b11d-4c35-a9cd-aba5e32521e5,ACCIDENT,La Florida,2025-06-02 19:37:11.808000,Corredor transporte público Vicuña Mackenna
9d708839-efdb-492c-8e9f-d04dbbfb1c51,HAZARD,Peñalolén,2025-06-02 19:37:11.808000,Av. Grecia
fd98d30a-8b9e-42ce-9a85-2e1143ceac08,POLICE,La Florida,2025-06-02 19:37:11.808000,Gerónimo de Alderete
30f62cd1-b11a-41aa-9944-1fb95150b055,POLICE,La Florida,2025-06-02 19:37:11.808000,Av. Walker Martínez
027af2a1-b784-4a0a-a87f-f73a3bab8474,JAM,Ñuñoa,2025-06-02 19:37:11.808000,Av. Grecia
cb35bd1d-9081-4d36-ab16-83ef727830d1,HAZARD,Peñalolén,2025-06-02 19:37:11.808000,Av. Los Presidentes
d521590b-add6-46d2-8a85-903899d004f5,ACCIDENT,La Florida,2025-06-02 19:37:11.808000,Av. Walker Martínez
1779ea70-4f6b-4e6e-9608-316857834e3a,ACCIDENT,La Florida,2025-06-02 19:37:11.808000,Av. La Florida lateral
cfd2a1d2-55e0-4523-a00b-b5240287b819,HAZARD,Peñalolén,2025-06-02 19:37:11.808000,Av. Los Presidentes
17e60ddc-4b35-42a5-a628-a237d5490235,HAZARD,La Florida,2025-06-02 19:37:11.808000,Av. Walker Martínez
9ae6a709-5839-4d83-8f50-ea1bbe405721,CHIT_CHAT,La Florida,2025-06-02 19:37:11.808000,Av. Vicuña Mackenna
bcccd949-a3ce-4173-bc06-b4fd4d40a0b7,ROAD_CLOSED,Peñalolén,2025-06-02 19:37:11.808000,Av. Tobalaba
93fc2900-307c-426a-8073-77c751b5f05e,ROAD_CLOSED,Peñalolén,2025-06-02 19:37:11.808000,Av. Tobalaba
c0cdf3fd-f13c-4b18-83a5-4b449542e9fe,ROAD_CLOSED,La Florida,2025-06-02 19:37:11.808000,Av. Vicuña Mackenna Oriente
ab2e1f00-d1c5-45e6-8c1a-92a328c33953,HAZARD,Peñalolén,2025-06-02 19:37:11.808000,Alerce Andino Sur
2ff59998-4afd-4694-8d5d-8cf10e4109a7,HAZARD,La Florida,2025-06-02 19:37:11.808000,Av. La Florida lateral
acf1d770-f32e-4ffd-8eea-9c8b8a79c71f,POLICE,Ñuñoa,2025-06-02 19:37:11.808000,Ramón Cruz Montt
6792573a-f531-45de-bd5a-6d1d7c1e51c2,HAZARD,Peñalolén,2025-06-02 19:37:11.808000,Peatones 11
bc456d0d-3a95-4c09-b5dc-0ebc60aa5ce3,HAZARD,Peñalolén,2025-06-02 19:37:11.808000,Los Alerces
ae48c001-cc8d-44a1-9d8e-f3fa18d08ca1,POLICE,La Reina,2025-06-02 19:37:11.808000,Estacionamiento Líder
df3dd997-e835-45eb-869b-e5c4bc733242,HAZARD,Peñalolén,2025-06-02 19:37:11.808000,Av. Diagonal Las Torres
cc9ce8c1-0e54-487e-a300-7cc765dfe762,HAZARD,La Florida,2025-06-02 19:37:11.808000,La Ventisca
6c713de9-c661-4c57-a68b-6e09ce60db91,HAZARD,Peñalolén,2025-06-02 19:37:11.808000,Av. Consistorial
83789dc0-d6ab-4746-82d5-cdb4f086a022,JAM,La Florida,2025-06-02 19:37:11.808000,Rojas Magallanes
fdc52cb9-87fc-4371-874c-18b9b30a8190,HAZARD,Peñalolén,2025-06-02 19:37:11.808000,Álvaro Casanova
39cf8825-6140-4752-a2e0-77f34aec12d3,HAZARD,Peñalolén,2025-06-02 19:37:11.808000,Los Boteros
d75eb093-2359-4f6a-b007-2e696db80196,HAZARD,La Florida,2025-06-02 19:37:11.808000,Av. Departamental
71361c51-7644-4024-aefe-b11f84acb6ad,HAZARD,La Florida,2025-06-02 19:37:11.808000,
87210a75-264a-43b0-88bd-2f31df4c0918,HAZARD,Peñalolén,2025-06-02 19:37:11.808000,Viña Cousiño
c00ee77a-b564-4bd6-bcab-7d644ff158ef,HAZARD,La Florida,2025-06-02 19:37:11.808000,Mirador Azul
ede30a25-ea2f-4249-9e42-9cb4a2956223,HAZARD,Peñalolén,2025-06-02 19:37:11.808000,Peatones 7
82c37ed1-26b9-4a63-abfb-ebcd0334b1dc,JAM,Peñalolén,2025-06-02 19:37:11.808000,Av. Américo Vespucio
94a3550d-ad7e-4364-bd95-ca97232b5d98,HAZARD,Peñalolén,2025-06-02 19:37:11.808000,
91c2c988-e51c-455b-b2a9-40619c10d78e,POLICE,La Reina,2025-06-02 19:37:11.808000,Av. Ossa
de2ff4ac-2fef-4133-90b0-96e46f2ab173,POLICE,La Florida,2025-06-02 19:37:11.808000,Av. Walker Martínez
fd6e4407-14bd-4123-a38e-c82343876739,HAZARD,Peñalolén,2025-06-02 19:37:11.808000,Av. Quilín
36f99d2e-4c69-4384-87d2-8434432579a5,JAM,Ñuñoa,2025-06-02 19:37:11.808000,Hamburgo
1ba1fc59-4ee7-40b0-a3f0-dbb03147d291,HAZARD,Peñalolén,2025-06-02 19:37:11.808000,Quebrada Camarones
85d3de9f-7c3e-47e1-afcf-579b498c17d8,HAZARD,La Florida,2025-06-02 19:37:11.808000,Av. Departamental
259173fa-b4cd-4a6a-b41c-23ea7421dcb7,POLICE,Peñalolén,2025-06-02 19:37:11.808000,Las Perdices
2f015342-32e7-44f7-b967-5d724bfb5238,ROAD_CLOSED,Peñalolén,2025-06-02 19:37:11.808000,Av. Tobalaba
3eb029db-17e8-46b6-b95b-01dd2b1b9944,ROAD_CLOSED,La Florida,2025-06-02 19:37:11.808000,Av. Vicuña Mackenna Oriente
53e2f025-c909-4bab-ab34-5599e980bc2b,HAZARD,Peñalolén,2025-06-02 19:37:11.808000,Quebrada Camarones
8fc069e4-27ea-4925-be9f-92a831fc4cf5,CHIT_CHAT,La Florida,2025-06-02 19:37:11.808000,Av. La Florida
30bfccab-40bb-4813-aa9a-6fa4f5b1e775,HAZARD,Peñalolén,2025-06-02 19:37:11.808000,Los Baqueanos
a6336439-b186-4bcf-8b6d-2fa7d76a1626,POLICE,Ñuñoa,2025-06-02 19:37:11.808000,Av. Grecia
fd57bbfc-2f14-4387-8f0a-c61aac3f81b1,HAZARD,Peñalolén,2025-06-02 19:37:11.808000,Alerce Andino Oriente
87d28760-5d00-4577-aed4-bdb1afe9d31f,ROAD_CLOSED,Peñalolén,2025-06-02 19:37:11.808000,Av. Tobalaba
9d508afb-12c5-45e1-93a7-538862be869c,ROAD_CLOSED,Peñalolén,2025-06-02 19:37:11.808000,Av. Tobalaba
df71e210-5e39-4670-85be-6181bcf8e3fa,HAZARD,Peñalolén,2025-06-02 19:37:11.808000,Quebrada Camarones
352900c8-4b45-4d0d-8235-c79c3822ec96,ROAD_CLOSED,Peñalolén,2025-06-02 19:37:11.808000,Av. Tobalaba
09df9195-a5d3-424c-9c31-f4c4683f9c96,POLICE,Peñalolén,2025-06-02 19:37:11.808000,Las Perdices
73708054-4b14-4357-b31a-80bb6af21cce,ROAD_CLOSED,Peñalolén,2025-06-02 19:37:11.808000,Av. Quilín Norte
85824de2-9de1-4284-9def-9e08fe0fbbe0,HAZARD,Curacaví,2025-06-02 19:37:14.669000,Condominio Valle del Encanto
163dbf19-9a30-440d-a471-66a9fa6c3b2b,HAZARD,Curacaví,2025-06-02 19:37:14.669000,Los Chercanes
3943d1da-d9f8-4ab7-979a-8b017b422978,HAZARD,,2025-06-02 19:37:14.669000,Ruta 68
05f72ff5-8af5-4231-b7c0-61a5b963a415,POLICE,,2025-06-02 19:37:14.669000,Ruta 68
758162a1-5cca-4a79-adb1-13b49a2459b6,HAZARD,,2025-06-02 19:37:14.669000,Ruta 68
3520283c-9e2f-4c03-9a8b-80b2a265e928,HAZARD,,2025-06-02 19:37:18.870000,Ruta G-68 / Cuesta Barriga
d686a7fa-cc4f-473a-bed4-76757635b6c6,JAM,,2025-06-02 19:37:18.870000,Ruta 68
447e4dcc-1925-4500-824f-b51438bb1dfc,POLICE,Peñaflor,2025-06-02 19:37:18.870000,Av. Las Palmeras
66f927c1-f598-419e-973d-fd9a6a59ab14,HAZARD,,2025-06-02 19:37:18.870000,Ruta G-792 / Camino El Olivo
59efffa3-e969-4545-87bb-bc3dfd7ef9a6,HAZARD,,2025-06-02 19:37:18.870000,Ruta G-746
79a3a888-9cac-4104-b39e-3ff7fb876da6,HAZARD,,2025-06-02 19:37:18.870000,Ruta G-792 / Camino El Olivo
28c4c258-5301-4bda-87cc-06ce80855512,HAZARD,,2025-06-02 19:37:18.870000,Ruta G-380 / Camino Mallarauco
6169dbd6-662d-4f7c-b331-f98f14f1664b,HAZARD,,2025-06-02 19:37:18.870000,Ruta G-730
c2d333d1-3951-4331-af02-153080027e8c,HAZARD,,2025-06-02 19:37:18.870000,Ruta G-380 / Camino Mallarauco
16f2f2ca-a4af-43a8-81e8-d909d77ab25c,HAZARD,,2025-06-02 19:38:03.738000,Autopista Vespucio Norte
b939ea23-9221-40bb-ad39-e2c66bfa901c,JAM,,2025-06-02 19:38:03.738000,Autopista Central
d6330e14-2415-4ae4-ae20-d86d895b6d9f,HAZARD,,2025-06-02 19:38:03.738000,Autopista Costanera Norte
51fb4877-0d88-4095-94cb-ad6c0d16ab58,JAM,,2025-06-02 19:38:03.738000,Ruta G-18 / Camino El Noviciado
927a8fd6-3f0d-47fc-800a-26831a29b231,JAM,La Reina,2025-06-02 19:38:06.126000,Monseñor Edwards
be0b9dc0-e267-46df-8992-d353f9ac6cb9,POLICE,Vitacura,2025-06-02 19:38:06.127000,Av. Vitacura
62b51efc-72f2-41a7-8dd7-a0708f2870f2,HAZARD,Providencia,2025-06-02 19:38:06.127000,Carlos Antúnez
5e6d823a-793b-488a-b443-5d7915c91009,HAZARD,,2025-06-02 19:39:03.754000,Autopista Vespucio Norte
7806b0e1-0ac4-4970-89c1-45f30aa3a514,HAZARD,Santiago,2025-06-02 19:39:03.754000,Miraflores
1a8914a8-4e8f-4b32-83f6-53bd97cfbc23,JAM,Las Condes,2025-06-02 19:39:06.032000,Paul Harris
bf185533-a4fa-4863-b434-b9d3c1411914,POLICE,Vitacura,2025-06-02 19:39:06.032000,Av. Vitacura
d72e84df-4750-4d76-9b73-b4fc20c8d272,HAZARD,Santiago,2025-06-02 19:39:08.835000,Viel
8976bb22-54bd-4e87-ac45-00546c17f891,POLICE,Santiago,2025-06-02 19:39:08.835000,Av. Manuel Rodríguez
4cae96cb-5604-40fb-8614-46637070d565,JAM,La Cisterna,2025-06-02 19:39:08.835000,Av. Lo Ovalle
aa746e96-635a-40e4-9b49-151d64994c12,POLICE,Estación Central,2025-06-02 19:39:08.835000,Av. 5 de Abril
a53d7af9-2320-4b09-804d-6f157e5f3afd,POLICE,San Joaquín,2025-06-02 19:39:08.835000,Av. Departamental
c12d088d-2977-4013-952d-07e867c58823,JAM,Santiago,2025-06-02 19:39:08.835000,Viel
49f383eb-1eb8-4146-a5b3-b40aab8a315d,JAM,Maipú,2025-06-02 19:39:08.835000,Av. Américo Vespucio
a422e240-6743-49d4-b7b4-2d37fed08448,JAM,Maipú,2025-06-02 19:39:08.835000,Supermercado Líder
15340836-fbab-466b-8d9d-ac92d11e8a17,HAZARD,Lo Espejo,2025-06-02 19:39:08.835000,Av. Clotario Blest
40b08756-dc2a-4a3f-95c1-5b30d4dfd23d,JAM,Estación Central,2025-06-02 19:39:08.835000,Concón
